{"appliedLayout":"","settings":{"enable_responsive":1,"show_desktop_switcher":1,"enable_boxed_layout":0,"width_boxed_layout":960,"margin":"","go_to_top":null,"icon_go_to_top":"fa fa-arrow-up","text_go_to_top":"Go to top","color_go_to_top":"sub","bg_go_to_top":"sub","ps_go_to_top":"center","show_branding_link":1,"branding_link_text":""},"sections":[{"id":"section_menu","settings":{"name":"Menu","identification_code":"item_596579172450","full_width":null,"enable_sticky":null,"margin":"","padding":"","class":"sunfw_section_menu"},"rows":[0],"label":"Menu"},{"id":"section_main-body","settings":{"name":"Main Body","identification_code":"item_1150607394456","full_width":null,"enable_sticky":null,"margin":"","padding":"","class":"sunfw_section_main_body"},"rows":[1],"label":"Main Body"},{"id":"section_top-","settings":{"name":"Top ","identification_code":"item_1035120423583","full_width":null,"enable_sticky":0,"margin":"","padding":"","class":"sunfw_section_top"},"rows":[2],"label":"Top "},{"id":"section_slideshow-","settings":{"name":"Slideshow ","identification_code":"item_102085087223","full_width":1,"enable_sticky":0,"margin":"","padding":"","class":"sunfw_section_slideshow"},"rows":[3],"label":"Slideshow "},{"id":"section_footer","settings":{"name":"Footer","identification_code":"item_231131420576","full_width":null,"enable_sticky":0,"margin":"","padding":{"top":"","left":"","right":"","bottom":"30"},"class":"sunfw_section_footer"},"rows":[4,6],"label":"Footer"},null,null,{"id":"section_copyright","settings":{"name":"Copyright","identification_code":"item_590758382223","full_width":null,"enable_sticky":0,"margin":"","padding":"","class":"sunfw_section_copyright"},"rows":[11,24],"label":"Copyright"},{"id":"section_slider-product","settings":{"name":"Slider Product","identification_code":"item_1110503852136","full_width":null,"enable_sticky":0,"margin":"","padding":"","class":""},"rows":[14],"label":"Slider Product"},{"id":"section_content-top","settings":{"name":"Content Top","identification_code":"item_535931225947","full_width":null,"enable_sticky":0,"margin":"","padding":"","class":""},"rows":[17,18,19],"label":"Content Top"},null],"rows":[{"id":"row_row-0","settings":{"name":"Row #0","identification_code":"item_151549675342","margin":{"top":"","left":"","right":"","bottom":""},"padding":"","class":""},"columns":[5]},{"id":"row_row-1","settings":{"name":"Row #1"},"columns":[44,46,1,42,47]},{"id":"row_row-2","settings":{"name":"Row #2"},"columns":[34,33]},{"id":"row_row-3","settings":{"name":"Row #3"},"columns":[6]},{"id":"row_row-4","settings":{"name":"Row #4"},"columns":[7]},null,{"id":"row_row-6","settings":{"name":"Row #6","identification_code":"item_1338162977542","margin":{"top":"30","left":"","right":"","bottom":""},"padding":"","class":"sunfw_footer_bottom"},"columns":[15,13,39,40]},null,null,null,null,{"id":"row_row-11","settings":{"name":"Row #11"},"columns":[16,23]},null,null,{"id":"row_row-14","settings":{"name":"Row #14"},"columns":[26]},null,null,{"id":"row_row-17","settings":{"name":"Row #17"},"columns":[29]},{"id":"row_row-18","settings":{"name":"Row #18"},"columns":[30]},{"id":"row_row-19","settings":{"name":"Row #19"},"columns":[31]},null,null,null,null,{"id":"row_row-24","settings":{"name":"Row #24"},"columns":[48]}],"columns":[null,{"id":"column_column-1","width":{"lg":2,"md":2,"sm":2,"xs":12},"settings":{"name":"Column #1","identification_code":"item_189408293212","margin":"","padding":"","visible_in":["lg","md","sm","xs"],"class":"full-xs"},"items":[32,1,27,28,26]},null,null,null,{"id":"column_column-5","settings":{"name":"Column #5","identification_code":"item_522885694839","margin":"","padding":"","visible_in":["lg","md","sm","xs"],"class":"sunfw_heade_middle"},"items":[6,0],"width":{"lg":12,"md":12,"sm":12,"xs":12}},{"id":"column_column-6","width":{"lg":12},"settings":{"name":"Column #6"},"items":[7]},{"id":"column_column-7","width":{"lg":12},"settings":{"name":"Column #7","identification_code":"item_856836338168","margin":"","padding":"","visible_in":["lg","md","sm","xs"],"class":""},"items":[8]},null,null,null,null,null,{"id":"column_column-13","settings":{"name":"Column #13","identification_code":"item_661402093515","margin":"","padding":"","visible_in":["lg","md","sm","xs"],"class":"col-footer"},"items":[13],"width":{"lg":3,"md":3,"sm":6,"xs":12}},null,{"id":"column_column-15","settings":{"name":"Column #15","identification_code":"item_782450646600","margin":"","padding":"","visible_in":["lg","md","sm","xs"],"class":"col-footer"},"items":[15],"width":{"lg":3,"md":3,"sm":6,"xs":12}},{"id":"column_column-16","width":{"lg":6,"md":6,"sm":6,"xs":12},"settings":{"name":"Column #16","identification_code":"item_223034008482","margin":"","padding":"","visible_in":["lg","md","sm","xs"],"class":"cp_left"},"items":[16,18]},null,null,null,null,null,null,{"id":"column_column-23","settings":{"name":"Column #23","identification_code":"item_470163421139","margin":"","padding":"","visible_in":["lg","md","sm","xs"],"class":"cp_right"},"items":[17],"width":{"lg":6,"md":6,"sm":6,"xs":12}},null,null,{"id":"column_column-26","width":{"lg":12},"settings":{"name":"Column #26"},"items":[23]},null,null,{"id":"column_column-29","width":{"lg":12},"settings":{"name":"Column #29"},"items":[21]},{"id":"column_column-30","width":{"lg":12},"settings":{"name":"Column #30","identification_code":"item_1077637162766","margin":"","padding":"","visible_in":["lg","md","sm","xs"],"class":""},"items":[22]},{"id":"column_column-31","width":{"lg":12},"settings":{"name":"Column #31"},"items":[24]},null,{"id":"column_column-33","settings":{"name":"Column #33","identification_code":"item_718830972025","margin":"","padding":"","visible_in":["lg","md","sm","xs"],"class":"sunfw_menu_top"},"items":[19],"width":{"lg":6,"md":6,"sm":6,"xs":12}},{"id":"column_column-34","settings":{"name":"Column #34","identification_code":"item_375831805014","margin":"","padding":"","visible_in":["lg","md","sm","xs"],"class":"sunfw_social_top"},"items":[4],"width":{"lg":6,"md":6,"sm":6,"xs":12}},null,null,null,null,{"id":"column_column-39","width":{"lg":3,"md":3,"sm":6,"xs":12},"settings":{"name":"Column #39","identification_code":"item_912852722392","margin":"","padding":"","visible_in":["lg","md","sm","xs"],"class":""},"items":[12]},{"id":"column_column-40","settings":{"name":"Column #40","identification_code":"item_1335139314827","margin":"","padding":"","visible_in":["lg","md","sm","xs"],"class":""},"items":[9],"width":{"lg":3,"md":3,"sm":6,"xs":12}},null,{"id":"column_column-42","settings":{"name":"Column #42"},"items":[34],"width":{"lg":2,"md":2,"sm":2,"xs":12}},null,{"id":"column_column-44","settings":{"name":"Column #44"},"items":[30],"width":{"lg":3,"md":3,"sm":3,"xs":12}},null,{"id":"column_column-46","settings":{"name":"Column #46"},"items":[33],"width":{"lg":2,"md":2,"sm":2,"xs":12}},{"id":"column_column-47","settings":{"name":"Column #47"},"items":[31],"width":{"lg":3,"md":3,"sm":3,"xs":12}},{"id":"column_column-48","width":{"lg":12},"settings":{"name":"Column #48"},"items":[36]}],"items":[{"id":"item_menu","type":"menu","settings":{"name":"Menu","identification_code":"item_1071355154589","menu-type":"mainmenu","menu-item":"","menu-start-level":"1","menu-end-level":"0","menu-show-icon":1,"menu-show-description":1,"menu-show-submenu":"1","menu-sub-effect":"1","menu-mobile-target":1,"visible_in":["lg","md","sm","xs"],"class":""}},{"id":"item_main-body","type":"page-content","settings":{"name":"Main Body"}},null,null,{"id":"item_social-icons","type":"social-icon","settings":{"name":"Social Icons","identification_code":"item_124127345380","items":[{"icon":"fa fa-facebook","text":"Facebook","title":"","link":"https://www.facebook.com/joomlashine"},{"icon":"fa fa-twitter","text":"Twitter","title":"","link":"https://twitter.com/joomlashine"},{"icon":"fa fa-youtube-play","text":"YouTube","title":"","link":"https://www.youtube.com/user/joomlashine"}],"color":"sub","size":"16","target":"","visible_in":["lg","md","sm","xs"],"class":""}},null,{"id":"item_logo","type":"logo","settings":{"name":"Logo","identification_code":"item_241607540596","logo":"templates/jsn_force2_pro/images/colors/green/logo.png","mobile-logo":"templates/jsn_force2_pro/images/colors/green/logo.png","alt":"","link":"","visible_in":["lg","md","sm","xs"],"class":""}},{"id":"item_module_1498473189970","type":"joomla-module","settings":{"name":"Module","identification_code":"item_276762124466","module":"Homepage Slideshow:310","visible_in":["lg","md","sm","xs"],"class":""}},{"id":"item_partner-brand-","type":"joomla-module","settings":{"name":"Partner Brand ","identification_code":"item_174500362161","module":"Logos:490","visible_in":["lg","md","sm","xs"],"class":"patner_brand"}},{"id":"item_newsletter","type":"joomla-module","settings":{"name":"Newsletter","identification_code":"item_218683601427","module":"Newsletter:454","visible_in":["lg","md","sm","xs"],"class":""}},null,null,{"id":"item_product-tags","type":"joomla-module","settings":{"name":"Product Tags","identification_code":"item_1447801399533","module":"Product Tags:453","visible_in":["lg","md","sm","xs"],"class":""}},{"id":"item_menu-need-help","type":"joomla-module","settings":{"name":"Menu Need help","identification_code":"item_445231127148","module":"Need help?:451","visible_in":["lg","md","sm","xs"],"class":""}},null,{"id":"item_menu-information","type":"joomla-module","settings":{"name":"Menu Information","identification_code":"item_1300289934990","module":"Information:452","visible_in":["lg","md","sm","xs"],"class":""}},{"id":"item_copyright","type":"joomla-module","settings":{"name":"Copyright","identification_code":"item_1411229079076","module":"Joomla! Copyright:99","visible_in":["lg","md","sm","xs"],"class":""}},{"id":"item_joomlashine-copyright","type":"joomla-module","settings":{"name":"Joomlashine copyright","identification_code":"item_876245452654","module":"JoomlaShine copyright:101","visible_in":["lg","md","sm","xs"],"class":""}},{"id":"item_menu-footer","type":"joomla-module","settings":{"name":"Menu Footer","identification_code":"item_416322071148","module":"Footer Menu:78","visible_in":["lg","md","sm","xs"],"class":""}},{"id":"item_menu-top","type":"joomla-module","settings":{"name":"Menu Top","identification_code":"item_962630476420","module":"Top Menu:77","visible_in":["lg","md","sm","xs"],"class":""}},null,{"id":"item_featured-products","type":"joomla-module","settings":{"name":"Featured products","identification_code":"item_633221376891","module":"Featured Products:499","visible_in":["lg","md","sm","xs"],"class":""}},{"id":"item_banner-sale","type":"joomla-module","settings":{"name":"Banner Sale","identification_code":"item_569118980086","module":"Sale Banner:488","visible_in":["lg","md","sm","xs"],"class":""}},{"id":"item_list-product-","type":"joomla-module","settings":{"name":"List Product ","identification_code":"item_320146523806","module":"Promo Products:501","visible_in":["lg","md","sm","xs"],"class":""}},{"id":"item_new-products","type":"joomla-module","settings":{"name":"New Products","identification_code":"item_730017011952","module":"New product:500","visible_in":["lg","md","sm","xs"],"class":""}},null,{"id":"item_top-ten-products","type":"joomla-module","settings":{"name":"Top ten products","identification_code":"item_450555493700","module":"Top ten Products:505","visible_in":["lg","md","sm","xs"],"class":"","disabled":false}},{"id":"item_featured-product-main-body","type":"joomla-module","settings":{"name":"Featured product main body","identification_code":"item_631674965702","module":"Featured Products:502","visible_in":["lg","md","sm","xs"],"class":""}},{"id":"item_latest-products","type":"joomla-module","settings":{"name":"Latest Products","identification_code":"item_870885007843","module":"Latest Products:503","visible_in":["lg","md","sm","xs"],"class":"","disabled":false}},null,{"id":"item_position-left","type":"module-position","settings":{"name":"Position Left","identification_code":"item_1250215762896","module-position":"left","visible_in":["lg","md","sm","xs"],"class":""}},{"id":"item_position-right","type":"module-position","settings":{"name":"Position Right","identification_code":"item_1222815753554","module-position":"right","visible_in":["lg","md","sm","xs"],"class":""}},{"id":"item_position-breadcrumb","type":"module-position","settings":{"name":"Position Breadcrumb","identification_code":"item_549914809264","module-position":"breadcrumbs","visible_in":["lg","md","sm","xs"],"class":""}},{"id":"item_position-innerleft","type":"module-position","settings":{"name":"Position InnerLeft","identification_code":"item_1311026288946","module-position":"innerleft","visible_in":["lg","md","sm","xs"],"class":""}},{"id":"item_position-innerright","type":"module-position","settings":{"name":"Position InnerRight","identification_code":"item_444972857760","module-position":"innerright","visible_in":["lg","md","sm","xs"],"class":""}},null,{"id":"item_module-demo-pagebuilder","type":"joomla-module","settings":{"name":"Module Demo Pagebuilder","identification_code":"item_980405762069","module":"Demo Builder Button:198","visible_in":["lg","md","sm"],"class":""}}],"views":{"main":{"sections":[2,0,3,8,9,1,4,7]},"top":{"rows":[],"settings":{"show-toggle":1,"anchor-position":"center"}},"right":{"rows":[],"settings":{"show-toggle":1,"anchor-position":"middle"}},"bottom":{"rows":[],"settings":{"show-toggle":1,"anchor-position":"center"}},"left":{"rows":[],"settings":{"show-toggle":1,"anchor-position":"middle"}}},"screen":"lg","editing":""}